num_examples: 300 : loss: 5.85637316328,
num_examples: 600 : loss: 5.67948580404,
num_examples: 900 : loss: 5.61112245949,
num_examples: 1200 : loss: 5.56903752403,
num_examples: 1500 : loss: 5.52833356221,
num_examples: 1800 : loss: 5.51889547858,
num_examples: 2100 : loss: 5.48635677012,
num_examples: 300 : loss: 5.42765423304,
num_examples: 600 : loss: 5.4458390552,
num_examples: 900 : loss: 5.39966054999,
num_examples: 1200 : loss: 5.40139427698,
num_examples: 1500 : loss: 5.35988739357,
num_examples: 1800 : loss: 5.4133222329,
num_examples: 2100 : loss: 5.32763277602,
num_examples: 300 : loss: 5.30759964639,
num_examples: 600 : loss: 5.26930659503,
num_examples: 900 : loss: 5.25644654628,
num_examples: 1200 : loss: 5.25585733658,
num_examples: 1500 : loss: 5.25212424471,
num_examples: 1800 : loss: 5.22324481598,
num_examples: 2100 : loss: 5.22734224801,
num_examples: 300 : loss: 5.17848891101,
num_examples: 600 : loss: 5.20096041609,
num_examples: 900 : loss: 5.17789498077,
num_examples: 1200 : loss: 5.18002265861,
num_examples: 1500 : loss: 5.16013286185,
num_examples: 1800 : loss: 5.14229263938,
num_examples: 2100 : loss: 5.1137136089,
num_examples: 300 : loss: 5.09677887256,
num_examples: 600 : loss: 5.0924874691,
num_examples: 900 : loss: 5.08410635814,
num_examples: 1200 : loss: 5.06759561247,
num_examples: 1500 : loss: 5.04590728852,
num_examples: 1800 : loss: 5.05127840909,
num_examples: 2100 : loss: 5.04954210725,
num_examples: 300 : loss: 5.01447704957,
num_examples: 600 : loss: 5.03227736199,
num_examples: 900 : loss: 4.99037051977,
num_examples: 1200 : loss: 4.99358821409,
num_examples: 1500 : loss: 4.98188341115,
num_examples: 1800 : loss: 4.98171647556,
num_examples: 2100 : loss: 4.98383127918,
num_examples: 300 : loss: 4.97371172068,
num_examples: 600 : loss: 5.01132415545,
num_examples: 900 : loss: 5.00041884098,
num_examples: 1200 : loss: 5.01530614872,
num_examples: 1500 : loss: 5.04004008171,
num_examples: 1800 : loss: 5.06763251854,
num_examples: 2100 : loss: 5.08220440813,
num_examples: 300 : loss: 5.08763904147,
num_examples: 600 : loss: 5.08716956193,
num_examples: 900 : loss: 5.0794896663,
num_examples: 1200 : loss: 5.05845148998,
num_examples: 1500 : loss: 5.05455317907,
num_examples: 1800 : loss: 5.05898963197,
num_examples: 2100 : loss: 5.04972020049,
num_examples: 300 : loss: 5.03096161769,
num_examples: 600 : loss: 5.03086119885,
num_examples: 900 : loss: 5.01289395084,
num_examples: 1200 : loss: 5.00275422274,
num_examples: 1500 : loss: 5.00375068662,
num_examples: 1800 : loss: 4.99691362263,
num_examples: 2100 : loss: 4.98665030211,
num_examples: 300 : loss: 4.9622223462,
num_examples: 600 : loss: 4.97710364598,
num_examples: 900 : loss: 4.9513380596,
num_examples: 1200 : loss: 4.94092024856,
num_examples: 1500 : loss: 4.94889024307,
num_examples: 1800 : loss: 4.93467883137,
num_examples: 2100 : loss: 4.91831056029,
num_examples: 300 : loss: 4.90348032821,
num_examples: 600 : loss: 4.89422377094,
num_examples: 900 : loss: 4.88382570036,
num_examples: 1200 : loss: 4.87602993683,
num_examples: 1500 : loss: 4.8691254978,
num_examples: 1800 : loss: 4.87994798819,
num_examples: 2100 : loss: 4.87681698023,
num_examples: 300 : loss: 4.83565297995,
num_examples: 600 : loss: 4.8227641788,
num_examples: 900 : loss: 4.82123558088,
num_examples: 1200 : loss: 4.82436916369,
num_examples: 1500 : loss: 4.83196151469,
num_examples: 1800 : loss: 4.82346067358,
num_examples: 2100 : loss: 4.83781885128,
num_examples: 300 : loss: 4.80928402225,
num_examples: 600 : loss: 4.7988885265,
num_examples: 900 : loss: 4.77747785636,
num_examples: 1200 : loss: 4.76790459352,
num_examples: 1500 : loss: 4.77505450082,
num_examples: 1800 : loss: 4.77214578756,
num_examples: 2100 : loss: 4.76124476449,
num_examples: 300 : loss: 4.74792124416,
num_examples: 600 : loss: 4.74290416438,
num_examples: 900 : loss: 4.73026469377,
num_examples: 1200 : loss: 4.71223822439,
num_examples: 1500 : loss: 4.70325588781,
num_examples: 1800 : loss: 4.71590394122,
num_examples: 2100 : loss: 4.71681371876,
num_examples: 300 : loss: 4.69746378055,
num_examples: 600 : loss: 4.69237160121,
num_examples: 900 : loss: 4.68976629017,
num_examples: 1200 : loss: 4.67774649821,
num_examples: 1500 : loss: 4.67591063581,
num_examples: 1800 : loss: 4.69224543395,
num_examples: 2100 : loss: 4.70620365284,
num_examples: 300 : loss: 4.66676479676,
num_examples: 600 : loss: 4.64603302664,
num_examples: 900 : loss: 4.64270161013,
num_examples: 1200 : loss: 4.65835021285,
num_examples: 1500 : loss: 4.66956450838,
num_examples: 1800 : loss: 4.64524512497,
num_examples: 2100 : loss: 4.64686641719,
num_examples: 300 : loss: 4.60817083219,
num_examples: 600 : loss: 4.61978336995,
num_examples: 900 : loss: 4.62280194315,
num_examples: 1200 : loss: 4.60964106701,
num_examples: 1500 : loss: 4.61224122837,
num_examples: 1800 : loss: 4.60715291129,
num_examples: 2100 : loss: 4.6122734139,
num_examples: 300 : loss: 4.59938976243,
num_examples: 600 : loss: 4.5966569967,
num_examples: 900 : loss: 4.57453266616,
num_examples: 1200 : loss: 4.57826232491,
num_examples: 1500 : loss: 4.57539910052,
num_examples: 1800 : loss: 4.56205369404,
num_examples: 2100 : loss: 4.58267388767,
num_examples: 300 : loss: 4.52947722123,
num_examples: 600 : loss: 4.53666832601,
num_examples: 900 : loss: 4.54937860478,
num_examples: 1200 : loss: 4.55292673716,
num_examples: 1500 : loss: 4.53119249519,
num_examples: 1800 : loss: 4.53548475693,
num_examples: 2100 : loss: 4.50984233384,
num_examples: 300 : loss: 4.51955764213,
num_examples: 600 : loss: 4.50886346471,
num_examples: 900 : loss: 4.50581270599,
num_examples: 1200 : loss: 4.50995991829,
num_examples: 1500 : loss: 4.49663296484,
num_examples: 1800 : loss: 4.50525396526,
num_examples: 2100 : loss: 4.50718981736,
num_examples: 300 : loss: 4.49916660945,
num_examples: 600 : loss: 4.47958922686,
num_examples: 900 : loss: 4.45599551977,
num_examples: 1200 : loss: 4.47437431338,
num_examples: 1500 : loss: 4.4998489426,
num_examples: 1800 : loss: 4.50318336309,
num_examples: 2100 : loss: 4.51025688341,
num_examples: 300 : loss: 4.47689551291,
num_examples: 600 : loss: 4.459423922,
num_examples: 900 : loss: 4.44213600316,
num_examples: 1200 : loss: 4.45509561247,
num_examples: 1500 : loss: 4.48245760093,
num_examples: 1800 : loss: 4.48274555411,
num_examples: 2100 : loss: 4.47822799368,
num_examples: 300 : loss: 4.45690787215,
num_examples: 600 : loss: 4.45423304037,
num_examples: 900 : loss: 4.44735563719,
num_examples: 1200 : loss: 4.45961446031,
num_examples: 1500 : loss: 4.47775937243,
num_examples: 1800 : loss: 4.49061040923,
num_examples: 2100 : loss: 4.47837475968,
num_examples: 300 : loss: 4.47397950426,
num_examples: 600 : loss: 4.47087209901,
num_examples: 900 : loss: 4.45586549025,
num_examples: 1200 : loss: 4.46578635677,
num_examples: 1500 : loss: 4.43334248833,
num_examples: 1800 : loss: 4.44657460176,
num_examples: 2100 : loss: 4.45852444383,
num_examples: 300 : loss: 4.44128458871,
num_examples: 600 : loss: 4.42565915957,
num_examples: 900 : loss: 4.43825872013,
num_examples: 1200 : loss: 4.44421347157,
num_examples: 1500 : loss: 4.46366082464,
num_examples: 1800 : loss: 4.42860907031,
num_examples: 2100 : loss: 4.4622244919,
num_examples: 300 : loss: 4.43200829099,
num_examples: 600 : loss: 4.42882621533,
num_examples: 900 : loss: 4.40583072988,
num_examples: 1200 : loss: 4.40677784263,
num_examples: 1500 : loss: 4.42057556303,
num_examples: 1800 : loss: 4.41128553282,
num_examples: 2100 : loss: 4.42726500275,
num_examples: 300 : loss: 4.40991571684,
num_examples: 600 : loss: 4.39542750961,
num_examples: 900 : loss: 4.39386758445,
num_examples: 1200 : loss: 4.40415150371,
num_examples: 1500 : loss: 4.39748437929,
num_examples: 1800 : loss: 4.39804955713,
num_examples: 2100 : loss: 4.43283996498,
num_examples: 300 : loss: 4.39469582532,
num_examples: 600 : loss: 4.37885539687,
num_examples: 900 : loss: 4.39660764556,
num_examples: 1200 : loss: 4.3892603337,
num_examples: 1500 : loss: 4.39258788794,
num_examples: 1800 : loss: 4.39014264625,
num_examples: 2100 : loss: 4.41710038451,
num_examples: 300 : loss: 4.36657769157,
num_examples: 600 : loss: 4.40287352376,
num_examples: 900 : loss: 4.38138389179,
num_examples: 1200 : loss: 4.38636106152,
num_examples: 1500 : loss: 4.37602779113,
num_examples: 1800 : loss: 4.37840565779,
num_examples: 2100 : loss: 4.38035953378,
num_examples: 300 : loss: 4.36531859379,
num_examples: 600 : loss: 4.38510196375,
num_examples: 900 : loss: 4.37600075529,
num_examples: 1200 : loss: 4.36721110272,
num_examples: 1500 : loss: 4.34578755836,
num_examples: 1800 : loss: 4.37469101895,
num_examples: 2100 : loss: 4.34762342076,
num_examples: 300 : loss: 4.33778795317,
num_examples: 600 : loss: 4.34497133342,
num_examples: 900 : loss: 4.3346217557,
num_examples: 1200 : loss: 4.33420463128,
num_examples: 1500 : loss: 4.35306663691,
num_examples: 1800 : loss: 4.36000411975,
num_examples: 2100 : loss: 4.33078652843,
num_examples: 300 : loss: 4.33029559187,
num_examples: 600 : loss: 4.3244820276,
num_examples: 900 : loss: 4.33511054655,
num_examples: 1200 : loss: 4.3203635677,
num_examples: 1500 : loss: 4.30914068937,
num_examples: 1800 : loss: 4.32701223908,
num_examples: 2100 : loss: 4.33773602719,
num_examples: 300 : loss: 4.30883814543,
num_examples: 600 : loss: 4.31031052595,
num_examples: 900 : loss: 4.31023499725,
num_examples: 1200 : loss: 4.28136715531,
num_examples: 1500 : loss: 4.31457446443,
num_examples: 1800 : loss: 4.3168407546,
num_examples: 2100 : loss: 4.29215359791,
num_examples: 300 : loss: 4.27278477753,
num_examples: 600 : loss: 4.28385831502,
num_examples: 900 : loss: 4.27765981186,
num_examples: 1200 : loss: 4.3078880287,
num_examples: 1500 : loss: 4.29608538176,
num_examples: 1800 : loss: 4.30566593999,
num_examples: 2100 : loss: 4.29127257278,
num_examples: 300 : loss: 4.2737906825,
num_examples: 600 : loss: 4.26363507622,
num_examples: 900 : loss: 4.27652087339,
num_examples: 1200 : loss: 4.26411228028,
num_examples: 1500 : loss: 4.27084334661,
num_examples: 1800 : loss: 4.29503227135,
num_examples: 2100 : loss: 4.29632999176,
num_examples: 300 : loss: 4.28736610821,
num_examples: 600 : loss: 4.29202056441,
num_examples: 900 : loss: 4.27139178797,
num_examples: 1200 : loss: 4.26842127849,
num_examples: 1500 : loss: 4.27200889179,
num_examples: 1800 : loss: 4.28754377232,
num_examples: 2100 : loss: 4.30942091802,
num_examples: 300 : loss: 4.26804663897,
num_examples: 600 : loss: 4.27321048476,
num_examples: 900 : loss: 4.27255947885,
num_examples: 1200 : loss: 4.25723745194,
num_examples: 1500 : loss: 4.28783902087,
num_examples: 1800 : loss: 4.28310388629,
num_examples: 2100 : loss: 4.27626424746,
num_examples: 300 : loss: 4.27439748695,
num_examples: 600 : loss: 4.26182539138,
num_examples: 900 : loss: 4.2551586961,
num_examples: 1200 : loss: 4.26540957155,
num_examples: 1500 : loss: 4.27816576833,
num_examples: 1800 : loss: 4.2759157855,
num_examples: 2100 : loss: 4.27383617138,
num_examples: 300 : loss: 4.23743691637,
num_examples: 600 : loss: 4.24543737984,
num_examples: 900 : loss: 4.24349079923,
num_examples: 1200 : loss: 4.25339106701,
num_examples: 1500 : loss: 4.25325417124,
num_examples: 1800 : loss: 4.2426320894,
num_examples: 2100 : loss: 4.24432161494,
num_examples: 300 : loss: 4.23319100179,
num_examples: 600 : loss: 4.22668823812,
num_examples: 900 : loss: 4.21128553282,
num_examples: 1200 : loss: 4.20997536734,
num_examples: 1500 : loss: 4.23550835965,
num_examples: 1800 : loss: 4.23253570448,
num_examples: 2100 : loss: 4.26115507416,
num_examples: 300 : loss: 4.21377712167,
num_examples: 600 : loss: 4.21116065298,
num_examples: 900 : loss: 4.22756840497,
num_examples: 1200 : loss: 4.21979195276,
num_examples: 1500 : loss: 4.2390646457,
num_examples: 1800 : loss: 4.22154713678,
num_examples: 2100 : loss: 4.22408893505,
num_examples: 300 : loss: 4.20027293326,
num_examples: 600 : loss: 4.21481349561,
num_examples: 900 : loss: 4.21440152087,
num_examples: 1200 : loss: 4.20715205301,
num_examples: 1500 : loss: 4.22457643848,
num_examples: 1800 : loss: 4.23453721505,
num_examples: 2100 : loss: 4.20726963746,
num_examples: 300 : loss: 4.19946099973,
num_examples: 600 : loss: 4.19685440126,
num_examples: 900 : loss: 4.20467248009,
num_examples: 1200 : loss: 4.19674024993,
num_examples: 1500 : loss: 4.20630492996,
num_examples: 1800 : loss: 4.20117069486,
num_examples: 2100 : loss: 4.23399521079,
num_examples: 300 : loss: 4.15827897556,
num_examples: 600 : loss: 4.18262496567,
num_examples: 900 : loss: 4.18427586858,
num_examples: 1200 : loss: 4.1908717557,
num_examples: 1500 : loss: 4.19503570448,
num_examples: 1800 : loss: 4.18871446718,
num_examples: 2100 : loss: 4.19433320173,
num_examples: 300 : loss: 4.19668446169,
num_examples: 600 : loss: 4.18271851826,
num_examples: 900 : loss: 4.18149289344,
num_examples: 1200 : loss: 4.1945743786,
num_examples: 1500 : loss: 4.17687748901,
num_examples: 1800 : loss: 4.18156928042,
num_examples: 2100 : loss: 4.15195945482,
num_examples: 300 : loss: 4.15059650508,
num_examples: 600 : loss: 4.13593449602,
num_examples: 900 : loss: 4.1274761398,
num_examples: 1200 : loss: 4.15391118511,
num_examples: 1500 : loss: 4.13361198846,
num_examples: 1800 : loss: 4.14493056509,
num_examples: 2100 : loss: 4.15485958528,
num_examples: 300 : loss: 4.12278992722,
num_examples: 600 : loss: 4.12778683741,
num_examples: 900 : loss: 4.11885900165,
num_examples: 1200 : loss: 4.10152988533,
num_examples: 1500 : loss: 4.11300767303,
num_examples: 1800 : loss: 4.12020907718,
num_examples: 2100 : loss: 4.12748086034,
num_examples: 300 : loss: 4.07363404628,
num_examples: 600 : loss: 4.11033455781,
num_examples: 900 : loss: 4.09827571409,
num_examples: 1200 : loss: 4.12301222192,
num_examples: 1500 : loss: 4.11794664927,
num_examples: 1800 : loss: 4.11223436213,
num_examples: 2100 : loss: 4.10363095647,
num_examples: 300 : loss: 4.09636818525,
num_examples: 600 : loss: 4.08128390209,
num_examples: 900 : loss: 4.09947902362,
num_examples: 1200 : loss: 4.0870309496,
num_examples: 1500 : loss: 4.12865198434,
num_examples: 1800 : loss: 4.11323125515,
num_examples: 2100 : loss: 4.12163124828,
num_examples: 300 : loss: 4.07290364941,
num_examples: 600 : loss: 4.09413279319,
num_examples: 900 : loss: 4.08021577177,
num_examples: 1200 : loss: 4.08607568319,
num_examples: 1500 : loss: 4.09520392749,
num_examples: 1800 : loss: 4.10639333288,
num_examples: 2100 : loss: 4.12122742722,
num_examples: 300 : loss: 4.09157297102,
num_examples: 600 : loss: 4.09269688959,
num_examples: 900 : loss: 4.09810148311,
num_examples: 1200 : loss: 4.12468071958,
num_examples: 1500 : loss: 4.11822129909,
num_examples: 1800 : loss: 4.13463849217,
num_examples: 2100 : loss: 4.12930942736,
num_examples: 300 : loss: 4.1099663554,
num_examples: 600 : loss: 4.09772469789,
num_examples: 900 : loss: 4.09236859723,
num_examples: 1200 : loss: 4.09398946031,
num_examples: 1500 : loss: 4.09873832738,
num_examples: 1800 : loss: 4.09153821066,
num_examples: 2100 : loss: 4.10945653667,
num_examples: 300 : loss: 4.08557573469,
num_examples: 600 : loss: 4.07353362744,
num_examples: 900 : loss: 4.09344531035,
num_examples: 1200 : loss: 4.11037146388,
num_examples: 1500 : loss: 4.09469754188,
num_examples: 1800 : loss: 4.10179681063,
num_examples: 2100 : loss: 4.08425355328,
num_examples: 300 : loss: 4.07401040236,
num_examples: 600 : loss: 4.05943465051,
num_examples: 900 : loss: 4.06911820242,
num_examples: 1200 : loss: 4.07038330816,
num_examples: 1500 : loss: 4.0756977822,
num_examples: 1800 : loss: 4.08158301291,
num_examples: 2100 : loss: 4.08501055685,
num_examples: 300 : loss: 4.03518950838,
num_examples: 600 : loss: 4.07215952005,
num_examples: 900 : loss: 4.04958845441,
num_examples: 1200 : loss: 4.03833596539,
num_examples: 1500 : loss: 4.03618339742,
num_examples: 1800 : loss: 4.04781224252,
num_examples: 2100 : loss: 4.05288382313,
num_examples: 300 : loss: 4.01601809256,
num_examples: 600 : loss: 4.02249467866,
num_examples: 900 : loss: 4.03435525954,
num_examples: 1200 : loss: 4.01558165683,
num_examples: 1500 : loss: 4.03229796073,
num_examples: 1800 : loss: 4.02693542296,
num_examples: 2100 : loss: 4.06228929209,
num_examples: 300 : loss: 4.02701695963,
num_examples: 600 : loss: 4.00666884098,
num_examples: 900 : loss: 4.0189542708,
num_examples: 1200 : loss: 4.00947370228,
num_examples: 1500 : loss: 4.02638311934,
num_examples: 1800 : loss: 4.00802234963,
num_examples: 2100 : loss: 4.06264805342,
num_examples: 300 : loss: 4.04715994919,
num_examples: 600 : loss: 4.0069988499,
num_examples: 900 : loss: 4.03723049986,
num_examples: 1200 : loss: 4.02517165614,
num_examples: 1500 : loss: 4.03262668223,
num_examples: 1800 : loss: 4.01879548888,
num_examples: 2100 : loss: 4.03098221642,
num_examples: 300 : loss: 4.02670239975,
num_examples: 600 : loss: 4.00822662043,
num_examples: 900 : loss: 4.01844058981,
num_examples: 1200 : loss: 4.04113052733,
num_examples: 1500 : loss: 4.0328391067,
num_examples: 1800 : loss: 4.04705738465,
num_examples: 2100 : loss: 4.02228525817,
num_examples: 300 : loss: 3.99460313101,
num_examples: 600 : loss: 4.02819666644,
num_examples: 900 : loss: 4.0149091939,
num_examples: 1200 : loss: 4.01054483658,
num_examples: 1500 : loss: 4.03967659984,
num_examples: 1800 : loss: 4.02680668086,
num_examples: 2100 : loss: 4.03430805411,
num_examples: 300 : loss: 4.02997459489,
num_examples: 600 : loss: 4.01460879566,
num_examples: 900 : loss: 4.01172840566,
num_examples: 1200 : loss: 4.01441224938,
num_examples: 1500 : loss: 4.01747202005,
num_examples: 1800 : loss: 4.02246120571,
num_examples: 2100 : loss: 4.02365078275,
num_examples: 300 : loss: 4.01555633754,
num_examples: 600 : loss: 4.01385694177,
num_examples: 900 : loss: 4.01670986679,
num_examples: 1200 : loss: 4.01280554793,
num_examples: 1500 : loss: 4.01671759132,
num_examples: 1800 : loss: 4.01179792639,
num_examples: 2100 : loss: 4.05193628124,
num_examples: 300 : loss: 4.02796621807,
num_examples: 600 : loss: 4.01465428454,
num_examples: 900 : loss: 4.01770161013,
num_examples: 1200 : loss: 4.01665407855,
num_examples: 1500 : loss: 4.01625326147,
num_examples: 1800 : loss: 4.03761758445,
num_examples: 2100 : loss: 4.03795918017,
num_examples: 300 : loss: 3.9960506214,
num_examples: 600 : loss: 4.01536494095,
num_examples: 900 : loss: 4.01488602032,
num_examples: 1200 : loss: 4.02146302527,
num_examples: 1500 : loss: 4.00059822164,
num_examples: 1800 : loss: 4.00011844274,
num_examples: 2100 : loss: 4.00832017303,
num_examples: 300 : loss: 3.98727427218,
num_examples: 600 : loss: 4.00799745949,
num_examples: 900 : loss: 3.9991597432,
num_examples: 1200 : loss: 3.99149143436,
num_examples: 1500 : loss: 3.98699533095,
num_examples: 1800 : loss: 4.00051840154,
num_examples: 2100 : loss: 3.99675655726,
num_examples: 300 : loss: 3.95792579305,
num_examples: 600 : loss: 3.95649546828,
num_examples: 900 : loss: 3.98588171176,
num_examples: 1200 : loss: 3.97142740662,
num_examples: 1500 : loss: 3.97630630321,
num_examples: 1800 : loss: 3.99589312689,
num_examples: 2100 : loss: 3.99313890415,
num_examples: 300 : loss: 3.95871798613,
num_examples: 600 : loss: 3.97253501785,
num_examples: 900 : loss: 3.98699361439,
num_examples: 1200 : loss: 3.98623231942,
num_examples: 1500 : loss: 3.96466200906,
num_examples: 1800 : loss: 3.96823245674,
num_examples: 2100 : loss: 3.98038914447,
num_examples: 300 : loss: 3.95901023071,
num_examples: 600 : loss: 3.98172205438,
num_examples: 900 : loss: 3.96831957223,
num_examples: 1200 : loss: 3.97241314199,
num_examples: 1500 : loss: 3.98254299986,
num_examples: 1800 : loss: 3.98101225625,
num_examples: 2100 : loss: 3.99474045592,
num_examples: 300 : loss: 3.97910086515,
num_examples: 600 : loss: 3.98240824979,
num_examples: 900 : loss: 3.98554912799,
num_examples: 1200 : loss: 3.99595835622,
num_examples: 1500 : loss: 3.98853937792,
num_examples: 1800 : loss: 3.97555187449,
num_examples: 2100 : loss: 3.97896010711,
num_examples: 300 : loss: 3.94854263938,
num_examples: 600 : loss: 3.96438950494,
num_examples: 900 : loss: 3.95500420558,
num_examples: 1200 : loss: 3.96935766273,
num_examples: 1500 : loss: 3.95400302115,
num_examples: 1800 : loss: 3.96703472604,
num_examples: 2100 : loss: 3.97042879703,
num_examples: 300 : loss: 3.95347946993,
num_examples: 600 : loss: 3.97291008651,
num_examples: 900 : loss: 3.93598985512,
num_examples: 1200 : loss: 3.94569143093,
num_examples: 1500 : loss: 3.94512367825,
num_examples: 1800 : loss: 3.96598719445,
num_examples: 2100 : loss: 3.98851706262,
num_examples: 300 : loss: 3.95223925433,
num_examples: 600 : loss: 3.93704253639,
num_examples: 900 : loss: 3.94610984276,
num_examples: 1200 : loss: 3.94984422205,
num_examples: 1500 : loss: 3.96751321752,
num_examples: 1800 : loss: 3.96610907031,
num_examples: 2100 : loss: 3.97782975144,
num_examples: 300 : loss: 3.93324464433,
num_examples: 600 : loss: 3.91481907443,
num_examples: 900 : loss: 3.93475521835,
num_examples: 1200 : loss: 3.94904387531,
num_examples: 1500 : loss: 3.9305075872,
num_examples: 1800 : loss: 3.94812122356,
num_examples: 2100 : loss: 3.9348951181,
num_examples: 300 : loss: 3.90269671793,
num_examples: 600 : loss: 3.90173072302,
num_examples: 900 : loss: 3.89294192873,
num_examples: 1200 : loss: 3.90078017715,
num_examples: 1500 : loss: 3.91069589399,
num_examples: 1800 : loss: 3.89896319692,
num_examples: 2100 : loss: 3.88116503021,
num_examples: 300 : loss: 3.8773293738,
num_examples: 600 : loss: 3.85750995606,
num_examples: 900 : loss: 3.87536820242,
num_examples: 1200 : loss: 3.88105517028,
num_examples: 1500 : loss: 3.87438375446,
num_examples: 1800 : loss: 3.86734327795,
num_examples: 2100 : loss: 3.90288210656,
num_examples: 300 : loss: 3.8632424128,
num_examples: 600 : loss: 3.88768109723,
num_examples: 900 : loss: 3.86235065916,
num_examples: 1200 : loss: 3.87934461686,
num_examples: 1500 : loss: 3.90185474458,
num_examples: 1800 : loss: 3.87111713815,
num_examples: 2100 : loss: 3.86598118649,
num_examples: 300 : loss: 3.85289755562,
num_examples: 600 : loss: 3.87400096127,
num_examples: 900 : loss: 3.87356581296,
num_examples: 1200 : loss: 3.89088763389,
num_examples: 1500 : loss: 3.87273413897,
num_examples: 1800 : loss: 3.87058886638,
num_examples: 2100 : loss: 3.87448674815,
num_examples: 300 : loss: 3.8837304312,
num_examples: 600 : loss: 3.87834128673,
num_examples: 900 : loss: 3.88891401744,
num_examples: 1200 : loss: 3.86740593244,
num_examples: 1500 : loss: 3.87598873936,
num_examples: 1800 : loss: 3.8977461549,
num_examples: 2100 : loss: 3.88429260505,
num_examples: 300 : loss: 3.87745983246,
num_examples: 600 : loss: 3.87732980294,
num_examples: 900 : loss: 3.86932161494,
num_examples: 1200 : loss: 3.87389582189,
num_examples: 1500 : loss: 3.88670008239,
num_examples: 1800 : loss: 3.87428333562,
num_examples: 2100 : loss: 3.90109087476,
num_examples: 300 : loss: 3.87792888286,
num_examples: 600 : loss: 3.87273199327,
num_examples: 900 : loss: 3.87367095235,
num_examples: 1200 : loss: 3.88832995743,
num_examples: 1500 : loss: 3.88317769843,
num_examples: 1800 : loss: 3.88603920626,
num_examples: 2100 : loss: 3.89009114941,
num_examples: 300 : loss: 3.86838394328,
num_examples: 600 : loss: 3.86985374897,
num_examples: 900 : loss: 3.87657151195,
num_examples: 1200 : loss: 3.86771362606,
num_examples: 1500 : loss: 3.86831227685,
num_examples: 1800 : loss: 3.88809950906,
num_examples: 2100 : loss: 3.88578000549,
num_examples: 300 : loss: 3.84601114048,
num_examples: 600 : loss: 3.85919004051,
num_examples: 900 : loss: 3.86929157512,
num_examples: 1200 : loss: 3.88647435457,
num_examples: 1500 : loss: 3.87704142063,
num_examples: 1800 : loss: 3.88911957567,
num_examples: 2100 : loss: 3.87423055136,
num_examples: 300 : loss: 3.86420454545,
num_examples: 600 : loss: 3.8583038657,
num_examples: 900 : loss: 3.87523946031,
num_examples: 1200 : loss: 3.84274023277,
num_examples: 1500 : loss: 3.85728422823,
num_examples: 1800 : loss: 3.84311530143,
num_examples: 2100 : loss: 3.87508282409,
num_examples: 300 : loss: 3.85559556097,
num_examples: 600 : loss: 3.84699000961,
num_examples: 900 : loss: 3.84452846059,
num_examples: 1200 : loss: 3.85159768951,
num_examples: 1500 : loss: 3.8494331056,
num_examples: 1800 : loss: 3.84775345029,
num_examples: 2100 : loss: 3.85218947405,
num_examples: 300 : loss: 3.83354332601,
num_examples: 600 : loss: 3.82782674746,
num_examples: 900 : loss: 3.8322614838,
num_examples: 1200 : loss: 3.8446902465,
num_examples: 1500 : loss: 3.83168686487,
num_examples: 1800 : loss: 3.83754119747,
num_examples: 2100 : loss: 3.81856117825,
num_examples: 300 : loss: 3.83241125378,
num_examples: 600 : loss: 3.82744009201,
num_examples: 900 : loss: 3.81071606358,
num_examples: 1200 : loss: 3.81404662181,
num_examples: 1500 : loss: 3.81602452966,
num_examples: 1800 : loss: 3.83676745743,
num_examples: 2100 : loss: 3.83050157924,
num_examples: 300 : loss: 3.81328532683,
num_examples: 600 : loss: 3.80397083562,
num_examples: 900 : loss: 3.80841587133,
num_examples: 1200 : loss: 3.80371935938,
num_examples: 1500 : loss: 3.82502489014,
num_examples: 1800 : loss: 3.81810714776,
num_examples: 2100 : loss: 3.81440881626,
num_examples: 300 : loss: 3.81787455369,
num_examples: 600 : loss: 3.80695979813,
num_examples: 900 : loss: 3.82223547789,
num_examples: 1200 : loss: 3.81725787902,
num_examples: 1500 : loss: 3.8206103234,
num_examples: 1800 : loss: 3.80850255768,
num_examples: 2100 : loss: 3.81262273414,
num_examples: 300 : loss: 3.78599757965,
num_examples: 600 : loss: 3.80101019637,
num_examples: 900 : loss: 3.80185989426,
num_examples: 1200 : loss: 3.81165631008,
num_examples: 1500 : loss: 3.7953901744,
num_examples: 1800 : loss: 3.79874519363,
num_examples: 2100 : loss: 3.80360563719,
num_examples: 300 : loss: 3.80277653804,
num_examples: 600 : loss: 3.79947215737,
num_examples: 900 : loss: 3.81185800604,
num_examples: 1200 : loss: 3.80475315847,
num_examples: 1500 : loss: 3.80824121121,
num_examples: 1800 : loss: 3.82121927355,
num_examples: 2100 : loss: 3.82367653117,
num_examples: 300 : loss: 3.77788167742,
num_examples: 600 : loss: 3.78458785361,
num_examples: 900 : loss: 3.77531498901,
num_examples: 1200 : loss: 3.81264719514,
num_examples: 1500 : loss: 3.79117000824,
num_examples: 1800 : loss: 3.78325065229,
num_examples: 2100 : loss: 3.79306595029,
num_examples: 300 : loss: 3.77979092282,
num_examples: 600 : loss: 3.787059702,
num_examples: 900 : loss: 3.79763715325,
num_examples: 1200 : loss: 3.75859181887,
num_examples: 1500 : loss: 3.78766006935,
num_examples: 1800 : loss: 3.76281370159,
num_examples: 2100 : loss: 3.80792879703,
num_examples: 300 : loss: 3.78022263801,
num_examples: 600 : loss: 3.78256960656,
num_examples: 900 : loss: 3.78511827108,
num_examples: 1200 : loss: 3.78408661769,
num_examples: 1500 : loss: 3.78805015792,
num_examples: 1800 : loss: 3.80130458665,
num_examples: 2100 : loss: 3.7920630493,
num_examples: 300 : loss: 3.79150902911,
num_examples: 600 : loss: 3.77975573332,
num_examples: 900 : loss: 3.77702210931,
num_examples: 1200 : loss: 3.77496352307,
num_examples: 1500 : loss: 3.78776864186,
num_examples: 1800 : loss: 3.7920364426,
num_examples: 2100 : loss: 3.79373970063,
num_examples: 300 : loss: 3.76362263115,
num_examples: 600 : loss: 3.7556543532,
num_examples: 900 : loss: 3.78460287352,
num_examples: 1200 : loss: 3.77161579923,
num_examples: 1500 : loss: 3.77557504806,
num_examples: 1800 : loss: 3.77264487778,
num_examples: 2100 : loss: 3.77501072851,
num_examples: 300 : loss: 3.75560414378,
num_examples: 600 : loss: 3.7614863705,
num_examples: 900 : loss: 3.77192649684,
num_examples: 1200 : loss: 3.7649113396,
num_examples: 1500 : loss: 3.78775276366,
num_examples: 1800 : loss: 3.77186899204,
num_examples: 2100 : loss: 3.78320001373,
num_examples: 300 : loss: 3.77607285087,
num_examples: 600 : loss: 3.77508153667,
num_examples: 900 : loss: 3.76109113224,
num_examples: 1200 : loss: 3.78800595647,
num_examples: 1500 : loss: 3.7841771663,
num_examples: 1800 : loss: 3.77440778632,
num_examples: 2100 : loss: 3.78427586858,
num_examples: 300 : loss: 3.77131196787,
num_examples: 600 : loss: 3.77362546347,
num_examples: 900 : loss: 3.76540141788,
num_examples: 1200 : loss: 3.76435903598,
num_examples: 1500 : loss: 3.7826944864,
num_examples: 1800 : loss: 3.79183303007,
num_examples: 2100 : loss: 3.76831613911,
num_examples: 300 : loss: 3.76085896732,
num_examples: 600 : loss: 3.74153220269,
num_examples: 900 : loss: 3.74067563856,
num_examples: 1200 : loss: 3.77162566946,
num_examples: 1500 : loss: 3.7657451593,
num_examples: 1800 : loss: 3.79197593381,
num_examples: 2100 : loss: 3.780078876,
num_examples: 300 : loss: 3.75405966767,
num_examples: 600 : loss: 3.7604641582,
num_examples: 900 : loss: 3.75648988945,
num_examples: 1200 : loss: 3.75764942667,
num_examples: 1500 : loss: 3.75612082876,
num_examples: 1800 : loss: 3.75915528014,
num_examples: 2100 : loss: 3.76316602582,
num_examples: 300 : loss: 3.76241545935,
num_examples: 600 : loss: 3.77537077726,
num_examples: 900 : loss: 3.76875472054,
num_examples: 1200 : loss: 3.74645572988,
num_examples: 1500 : loss: 3.76132844686,
num_examples: 1800 : loss: 3.76476671931,
num_examples: 2100 : loss: 3.7713239838,
num_examples: 300 : loss: 3.75148096333,
num_examples: 600 : loss: 3.76381917742,
num_examples: 900 : loss: 3.75205343656,
num_examples: 1200 : loss: 3.74663725625,
num_examples: 1500 : loss: 3.7412206468,
num_examples: 1800 : loss: 3.7564233727,
num_examples: 2100 : loss: 3.73098049986,
num_examples: 300 : loss: 3.74551591252,
num_examples: 600 : loss: 3.73344634029,
num_examples: 900 : loss: 3.74606049162,
num_examples: 1200 : loss: 3.72024855809,
num_examples: 1500 : loss: 3.73471230431,
num_examples: 1800 : loss: 3.73358795661,
num_examples: 2100 : loss: 3.73090926257,
num_examples: 300 : loss: 3.73559204202,
num_examples: 600 : loss: 3.72173166712,
num_examples: 900 : loss: 3.73357164927,
num_examples: 1200 : loss: 3.70618133754,
num_examples: 1500 : loss: 3.73063718759,
num_examples: 1800 : loss: 3.75772967591,
num_examples: 2100 : loss: 3.73985083082,
num_examples: 300 : loss: 3.72961669184,
num_examples: 600 : loss: 3.71047789069,
num_examples: 900 : loss: 3.73386775611,
num_examples: 1200 : loss: 3.71152799712,
num_examples: 1500 : loss: 3.74743116589,
num_examples: 1800 : loss: 3.73424110821,
num_examples: 2100 : loss: 3.72722294699,
num_examples: 300 : loss: 3.71807624966,
num_examples: 600 : loss: 3.70961617687,
num_examples: 900 : loss: 3.70543849561,
num_examples: 1200 : loss: 3.73810766273,
num_examples: 1500 : loss: 3.74499879841,
num_examples: 1800 : loss: 3.75062482834,
num_examples: 2100 : loss: 3.74669776504,
num_examples: 300 : loss: 3.72159863362,
num_examples: 600 : loss: 3.72275044631,
num_examples: 900 : loss: 3.71158979333,
num_examples: 1200 : loss: 3.70563547102,
num_examples: 1500 : loss: 3.70085742241,
num_examples: 1800 : loss: 3.70553805617,
num_examples: 2100 : loss: 3.72502746498,
num_examples: 300 : loss: 3.70958184565,
num_examples: 600 : loss: 3.67985357731,
num_examples: 900 : loss: 3.71872940126,
num_examples: 1200 : loss: 3.70928230569,
num_examples: 1500 : loss: 3.69981890277,
num_examples: 1800 : loss: 3.70676668498,
num_examples: 2100 : loss: 3.7253956674,
num_examples: 300 : loss: 3.72523645633,
num_examples: 600 : loss: 3.71337802115,
num_examples: 900 : loss: 3.71483495262,
num_examples: 1200 : loss: 3.71922892063,
num_examples: 1500 : loss: 3.71251459077,
num_examples: 1800 : loss: 3.71805178866,
num_examples: 2100 : loss: 3.72811641719,
num_examples: 300 : loss: 3.7050363911,
num_examples: 600 : loss: 3.69997854298,
num_examples: 900 : loss: 3.68414755562,
num_examples: 1200 : loss: 3.68856512634,
num_examples: 1500 : loss: 3.71333253227,
num_examples: 1800 : loss: 3.71771319692,
num_examples: 2100 : loss: 3.72771645839,
num_examples: 300 : loss: 3.70447807951,
num_examples: 600 : loss: 3.70300569898,
num_examples: 900 : loss: 3.70051368099,
num_examples: 1200 : loss: 3.70149469583,
num_examples: 1500 : loss: 3.70592084935,
num_examples: 1800 : loss: 3.70775542433,
num_examples: 2100 : loss: 3.72183208597,
num_examples: 300 : loss: 3.69582703927,
num_examples: 600 : loss: 3.70102349973,
num_examples: 900 : loss: 3.69780151401,
num_examples: 1200 : loss: 3.69386500961,
num_examples: 1500 : loss: 3.71437705987,
num_examples: 1800 : loss: 3.70866005218,
num_examples: 2100 : loss: 3.70490893642,
num_examples: 300 : loss: 3.70047720406,
num_examples: 600 : loss: 3.70791506454,
num_examples: 900 : loss: 3.70358332189,
num_examples: 1200 : loss: 3.72793617825,
num_examples: 1500 : loss: 3.72707703927,
num_examples: 1800 : loss: 3.70572473222,
num_examples: 2100 : loss: 3.69751699396,
num_examples: 300 : loss: 3.70786313856,
num_examples: 600 : loss: 3.70982345166,
num_examples: 900 : loss: 3.7093239323,
num_examples: 1200 : loss: 3.71973316053,
num_examples: 1500 : loss: 3.71794321615,
num_examples: 1800 : loss: 3.7213814886,
num_examples: 2100 : loss: 3.73093415271,
num_examples: 300 : loss: 3.7002712167,
num_examples: 600 : loss: 3.71116065298,
num_examples: 900 : loss: 3.7157271354,
num_examples: 1200 : loss: 3.72437474252,
num_examples: 1500 : loss: 3.71604212442,
num_examples: 1800 : loss: 3.73523628467,
num_examples: 2100 : loss: 3.73113499039,
num_examples: 300 : loss: 3.70583545043,
num_examples: 600 : loss: 3.71244507004,
num_examples: 900 : loss: 3.6988820894,
num_examples: 1200 : loss: 3.70342625652,
num_examples: 1500 : loss: 3.71551170695,
num_examples: 1800 : loss: 3.71703987572,
num_examples: 2100 : loss: 3.70955738465,
num_examples: 300 : loss: 3.70068748283,
num_examples: 600 : loss: 3.69334317495,
num_examples: 900 : loss: 3.70051968896,
num_examples: 1200 : loss: 3.69478294081,
num_examples: 1500 : loss: 3.70177535361,
num_examples: 1800 : loss: 3.69922068113,
num_examples: 2100 : loss: 3.70564448297,
num_examples: 300 : loss: 3.68678161906,
num_examples: 600 : loss: 3.70309453104,
num_examples: 900 : loss: 3.6790939989,
num_examples: 1200 : loss: 3.69417313238,
num_examples: 1500 : loss: 3.68326524307,
num_examples: 1800 : loss: 3.69968973153,
num_examples: 2100 : loss: 3.71320979813,
num_examples: 300 : loss: 3.67190246498,
num_examples: 600 : loss: 3.6781717763,
num_examples: 900 : loss: 3.66913751373,
num_examples: 1200 : loss: 3.68349097089,
num_examples: 1500 : loss: 3.68044407443,
num_examples: 1800 : loss: 3.69209780967,
num_examples: 2100 : loss: 3.68767380184,
num_examples: 300 : loss: 3.66761277808,
num_examples: 600 : loss: 3.66304586652,
num_examples: 900 : loss: 3.68976328619,
num_examples: 1200 : loss: 3.67563298201,
num_examples: 1500 : loss: 3.68033078138,
num_examples: 1800 : loss: 3.68307899615,
num_examples: 2100 : loss: 3.696923922,
num_examples: 300 : loss: 3.67360271903,
num_examples: 600 : loss: 3.67902190332,
num_examples: 900 : loss: 3.68689233727,
num_examples: 1200 : loss: 3.6739799334,
num_examples: 1500 : loss: 3.67886827108,
num_examples: 1800 : loss: 3.67924806029,
num_examples: 2100 : loss: 3.67249639522,
num_examples: 300 : loss: 3.68105044974,
num_examples: 600 : loss: 3.67115747734,
num_examples: 900 : loss: 3.67627540511,
num_examples: 1200 : loss: 3.68767508926,
num_examples: 1500 : loss: 3.69430745331,
num_examples: 1800 : loss: 3.69293892475,
num_examples: 2100 : loss: 3.68264556441,
num_examples: 300 : loss: 3.69826970612,
num_examples: 600 : loss: 3.69849586309,
num_examples: 900 : loss: 3.6834102925,
num_examples: 1200 : loss: 3.68707600934,
num_examples: 1500 : loss: 3.70964364186,
num_examples: 1800 : loss: 3.70458064405,
num_examples: 2100 : loss: 3.69575151057,
num_examples: 300 : loss: 3.69492627369,
num_examples: 600 : loss: 3.70216715875,
num_examples: 900 : loss: 3.69985151744,
num_examples: 1200 : loss: 3.69947902362,
num_examples: 1500 : loss: 3.67781215669,
num_examples: 1800 : loss: 3.67625523551,
num_examples: 2100 : loss: 3.682885883,
num_examples: 300 : loss: 3.68592934633,
num_examples: 600 : loss: 3.68661425433,
num_examples: 900 : loss: 3.69094642612,
num_examples: 1200 : loss: 3.69445035704,
num_examples: 1500 : loss: 3.66541815435,
num_examples: 1800 : loss: 3.67141152843,
num_examples: 2100 : loss: 3.6852950769,
num_examples: 300 : loss: 3.6786494095,
num_examples: 600 : loss: 3.67535704477,
num_examples: 900 : loss: 3.68270564405,
num_examples: 1200 : loss: 3.685643968,
num_examples: 1500 : loss: 3.6676788657,
num_examples: 1800 : loss: 3.67807092832,
num_examples: 2100 : loss: 3.66651160395,
num_examples: 300 : loss: 3.6678076078,
num_examples: 600 : loss: 3.64857010437,
num_examples: 900 : loss: 3.67746584043,
num_examples: 1200 : loss: 3.68009089193,
num_examples: 1500 : loss: 3.68468870159,
num_examples: 1800 : loss: 3.67124373455,
num_examples: 2100 : loss: 3.68171776298,
num_examples: 300 : loss: 3.65936555891,
num_examples: 600 : loss: 3.66561040923,
num_examples: 900 : loss: 3.67641444658,
num_examples: 1200 : loss: 3.67116563101,
num_examples: 1500 : loss: 3.66951558638,
num_examples: 1800 : loss: 3.65668943971,
num_examples: 2100 : loss: 3.6632179518,
num_examples: 300 : loss: 3.65504325735,
num_examples: 600 : loss: 3.66186315573,
num_examples: 900 : loss: 3.65130673235,
num_examples: 1200 : loss: 3.65699584592,
num_examples: 1500 : loss: 3.65924969102,
num_examples: 1800 : loss: 3.67166128811,
num_examples: 2100 : loss: 3.66447447473,
num_examples: 300 : loss: 3.66732482491,
num_examples: 600 : loss: 3.66804277671,
num_examples: 900 : loss: 3.66812259681,
num_examples: 1200 : loss: 3.67106220818,
num_examples: 1500 : loss: 3.66746815779,
num_examples: 1800 : loss: 3.6668875309,
num_examples: 2100 : loss: 3.68042004257,
num_examples: 300 : loss: 3.67579734276,
num_examples: 600 : loss: 3.67018847844,
num_examples: 900 : loss: 3.64640122906,
num_examples: 1200 : loss: 3.67969908679,
num_examples: 1500 : loss: 3.679565195,
num_examples: 1800 : loss: 3.67956262016,
num_examples: 2100 : loss: 3.67791600865,
num_examples: 300 : loss: 3.67619086446,
num_examples: 600 : loss: 3.67391170008,
num_examples: 900 : loss: 3.67337312895,
num_examples: 1200 : loss: 3.67993683054,
num_examples: 1500 : loss: 3.6793429003,
num_examples: 1800 : loss: 3.70919690676,
num_examples: 2100 : loss: 3.69017526092,
num_examples: 300 : loss: 3.68482044768,
num_examples: 600 : loss: 3.68190658473,
num_examples: 900 : loss: 3.67414343587,
num_examples: 1200 : loss: 3.69638663829,
num_examples: 1500 : loss: 3.71499888424,
num_examples: 1800 : loss: 3.69775817083,
num_examples: 2100 : loss: 3.70136209146,
num_examples: 300 : loss: 3.69795600453,
num_examples: 600 : loss: 3.6947700666,
num_examples: 900 : loss: 3.68313135128,
num_examples: 1200 : loss: 3.6977886398,
num_examples: 1500 : loss: 3.70608521011,
num_examples: 1800 : loss: 3.69497219171,
num_examples: 2100 : loss: 3.69235186075,
num_examples: 300 : loss: 3.66644465806,
num_examples: 600 : loss: 3.67449361439,
num_examples: 900 : loss: 3.6856864529,
num_examples: 1200 : loss: 3.67913777122,
num_examples: 1500 : loss: 3.67471161769,
num_examples: 1800 : loss: 3.69100092694,
num_examples: 2100 : loss: 3.69048295455,
num_examples: 300 : loss: 3.67666978509,
num_examples: 600 : loss: 3.66112245949,
num_examples: 900 : loss: 3.67106907443,
num_examples: 1200 : loss: 3.68029902499,
num_examples: 1500 : loss: 3.68030245812,
num_examples: 1800 : loss: 3.6789738396,
num_examples: 2100 : loss: 3.6882956262,
num_examples: 300 : loss: 3.68298630184,
num_examples: 600 : loss: 3.67113730775,
num_examples: 900 : loss: 3.66749218965,
num_examples: 1200 : loss: 3.68362486268,
num_examples: 1500 : loss: 3.6731109242,
num_examples: 1800 : loss: 3.65719582532,
num_examples: 2100 : loss: 3.68062173853,
num_examples: 300 : loss: 3.66787197885,
num_examples: 600 : loss: 3.67037000481,
num_examples: 900 : loss: 3.65517543257,
num_examples: 1200 : loss: 3.66890921107,
num_examples: 1500 : loss: 3.6591771663,
num_examples: 1800 : loss: 3.6558054106,
num_examples: 2100 : loss: 3.66598118649,
num_examples: 300 : loss: 3.65590668772,
num_examples: 600 : loss: 3.67098410464,
num_examples: 900 : loss: 3.67961926668,
num_examples: 1200 : loss: 3.68370210794,
num_examples: 1500 : loss: 3.68178385059,
num_examples: 1800 : loss: 3.66748189028,
num_examples: 2100 : loss: 3.66819297583,
num_examples: 300 : loss: 3.67063564268,
num_examples: 600 : loss: 3.66689697199,
num_examples: 900 : loss: 3.67553470887,
num_examples: 1200 : loss: 3.66482851552,
num_examples: 1500 : loss: 3.66811530143,
num_examples: 1800 : loss: 3.67138492172,
num_examples: 2100 : loss: 3.68447456056,
num_examples: 300 : loss: 3.66983057539,
num_examples: 600 : loss: 3.67896826078,
num_examples: 900 : loss: 3.67679809805,
num_examples: 1200 : loss: 3.67771216699,
num_examples: 1500 : loss: 3.66766041266,
num_examples: 1800 : loss: 3.69455892955,
num_examples: 2100 : loss: 3.67355208047,
num_examples: 300 : loss: 3.66879205575,
num_examples: 600 : loss: 3.67356838781,
num_examples: 900 : loss: 3.68126974046,
num_examples: 1200 : loss: 3.68515174403,
num_examples: 1500 : loss: 3.69951464227,
num_examples: 1800 : loss: 3.69423106633,
num_examples: 2100 : loss: 3.70586463197,
num_examples: 300 : loss: 3.68428874279,
num_examples: 600 : loss: 3.69259990387,
num_examples: 900 : loss: 3.69072456056,
num_examples: 1200 : loss: 3.6978929209,
num_examples: 1500 : loss: 3.70693061659,
num_examples: 1800 : loss: 3.71355311041,
num_examples: 2100 : loss: 3.71401915683,
num_examples: 300 : loss: 3.71030923853,
num_examples: 600 : loss: 3.69620639934,
num_examples: 900 : loss: 3.70334257416,
num_examples: 1200 : loss: 3.68417201662,
num_examples: 1500 : loss: 3.69668789481,
num_examples: 1800 : loss: 3.71250944109,
num_examples: 2100 : loss: 3.69543823812,
num_examples: 300 : loss: 3.68234602444,
num_examples: 600 : loss: 3.68763646663,
num_examples: 900 : loss: 3.68680135952,
num_examples: 1200 : loss: 3.69921853543,
num_examples: 1500 : loss: 3.68679063101,
num_examples: 1800 : loss: 3.69261020324,
num_examples: 2100 : loss: 3.700048922,
num_examples: 300 : loss: 3.67952056441,
num_examples: 600 : loss: 3.6794630596,
num_examples: 900 : loss: 3.6764668017,
num_examples: 1200 : loss: 3.67728302664,
num_examples: 1500 : loss: 3.67687534331,
num_examples: 1800 : loss: 3.6941456674,
num_examples: 2100 : loss: 3.69277070173,
num_examples: 300 : loss: 3.68786391101,
num_examples: 600 : loss: 3.68925303831,
num_examples: 900 : loss: 3.66909760368,
num_examples: 1200 : loss: 3.68563152293,
num_examples: 1500 : loss: 3.69082240456,
num_examples: 1800 : loss: 3.681470149,
num_examples: 2100 : loss: 3.69511638286,
num_examples: 300 : loss: 3.67414429415,
num_examples: 600 : loss: 3.67730877506,
num_examples: 900 : loss: 3.66530529044,
num_examples: 1200 : loss: 3.68849045592,
num_examples: 1500 : loss: 3.6898049128,
num_examples: 1800 : loss: 3.67181320379,
num_examples: 2100 : loss: 3.68445954065,
num_examples: 300 : loss: 3.68210785155,
num_examples: 600 : loss: 3.67994283851,
num_examples: 900 : loss: 3.66830026092,
num_examples: 1200 : loss: 3.66740421587,
num_examples: 1500 : loss: 3.69560946512,
num_examples: 1800 : loss: 3.68000506386,
num_examples: 2100 : loss: 3.69021173785,
num_examples: 300 : loss: 3.66953060629,
num_examples: 600 : loss: 3.6656228543,
num_examples: 900 : loss: 3.66867919184,
num_examples: 1200 : loss: 3.64670763527,
num_examples: 1500 : loss: 3.65591527053,
num_examples: 1800 : loss: 3.66669527602,
num_examples: 2100 : loss: 3.67439963266,
num_examples: 300 : loss: 3.65154962579,
num_examples: 600 : loss: 3.64708828275,
num_examples: 900 : loss: 3.64818130321,
num_examples: 1200 : loss: 3.65036863156,
num_examples: 1500 : loss: 3.66220990113,
num_examples: 1800 : loss: 3.67197198572,
num_examples: 2100 : loss: 3.66342865971,
num_examples: 300 : loss: 3.65574618923,
num_examples: 600 : loss: 3.64641410327,
num_examples: 900 : loss: 3.65968827245,
num_examples: 1200 : loss: 3.68368837545,
num_examples: 1500 : loss: 3.67454124897,
num_examples: 1800 : loss: 3.67125102994,
num_examples: 2100 : loss: 3.68193490799,
num_examples: 300 : loss: 3.66675363911,
num_examples: 600 : loss: 3.66338531653,
num_examples: 900 : loss: 3.65902782546,
num_examples: 1200 : loss: 3.66620820173,
num_examples: 1500 : loss: 3.66644766204,
num_examples: 1800 : loss: 3.67409279731,
num_examples: 2100 : loss: 3.67967076353,
num_examples: 300 : loss: 3.66416420626,
num_examples: 600 : loss: 3.67731564131,
num_examples: 900 : loss: 3.66626871052,
num_examples: 1200 : loss: 3.65952734482,
num_examples: 1500 : loss: 3.66796124004,
num_examples: 1800 : loss: 3.66845990113,
num_examples: 2100 : loss: 3.68584695139,
num_examples: 300 : loss: 3.66841441225,
num_examples: 600 : loss: 3.66104006454,
num_examples: 900 : loss: 3.65895358418,
num_examples: 1200 : loss: 3.66556706605,
num_examples: 1500 : loss: 3.6532983727,
num_examples: 1800 : loss: 3.66919973908,
num_examples: 2100 : loss: 3.66350247185,
num_examples: 300 : loss: 3.66471093106,
num_examples: 600 : loss: 3.64505630321,
num_examples: 900 : loss: 3.67179260505,
num_examples: 1200 : loss: 3.65983804243,
num_examples: 1500 : loss: 3.65593586927,
num_examples: 1800 : loss: 3.65634011947,
num_examples: 2100 : loss: 3.6602727616,
num_examples: 300 : loss: 3.6681500618,
num_examples: 600 : loss: 3.66529327451,
num_examples: 900 : loss: 3.65631136707,
num_examples: 1200 : loss: 3.66669570516,
num_examples: 1500 : loss: 3.666869507,
num_examples: 1800 : loss: 3.66926883068,
num_examples: 2100 : loss: 3.66789086103,
num_examples: 300 : loss: 3.65375712373,
num_examples: 600 : loss: 3.64574121121,
num_examples: 900 : loss: 3.65958012909,
num_examples: 1200 : loss: 3.63802569692,
num_examples: 1500 : loss: 3.6462261398,
num_examples: 1800 : loss: 3.66687465669,
num_examples: 2100 : loss: 3.65988310217,
num_examples: 300 : loss: 3.64487520599,
num_examples: 600 : loss: 3.66628544699,
num_examples: 900 : loss: 3.63943842694,
num_examples: 1200 : loss: 3.65329021903,
num_examples: 1500 : loss: 3.64588111096,
num_examples: 1800 : loss: 3.65503467454,
num_examples: 2100 : loss: 3.66328103543,
num_examples: 300 : loss: 3.64315606976,
num_examples: 600 : loss: 3.6400091836,
num_examples: 900 : loss: 3.65335201524,
num_examples: 1200 : loss: 3.6568967145,
num_examples: 1500 : loss: 3.64330884372,
num_examples: 1800 : loss: 3.64326807539,
num_examples: 2100 : loss: 3.6491022384,
num_examples: 300 : loss: 3.64334746636,
num_examples: 600 : loss: 3.63946288794,
num_examples: 900 : loss: 3.64251579236,
num_examples: 1200 : loss: 3.65742756111,
num_examples: 1500 : loss: 3.64233169116,
num_examples: 1800 : loss: 3.64158069555,
num_examples: 2100 : loss: 3.65023688547,
num_examples: 300 : loss: 3.6278005699,
num_examples: 600 : loss: 3.63136973016,
num_examples: 900 : loss: 3.65557968278,
num_examples: 1200 : loss: 3.63775405108,
num_examples: 1500 : loss: 3.64060525954,
num_examples: 1800 : loss: 3.64910180926,
num_examples: 2100 : loss: 3.64657031035,
num_examples: 300 : loss: 3.62797866314,
num_examples: 600 : loss: 3.6323859345,
num_examples: 900 : loss: 3.63797462922,
num_examples: 1200 : loss: 3.62762462236,
num_examples: 1500 : loss: 3.63169930994,
num_examples: 1800 : loss: 3.65030898105,
num_examples: 2100 : loss: 3.65836308706,
num_examples: 300 : loss: 3.63834969789,
num_examples: 600 : loss: 3.62193507965,
num_examples: 900 : loss: 3.65176333768,
num_examples: 1200 : loss: 3.64420660533,
num_examples: 1500 : loss: 3.64571288794,
num_examples: 1800 : loss: 3.64068121739,
num_examples: 2100 : loss: 3.6525602513,
num_examples: 300 : loss: 3.64585750824,
num_examples: 600 : loss: 3.65773353818,
num_examples: 900 : loss: 3.64860915614,
num_examples: 1200 : loss: 3.64896663005,
num_examples: 1500 : loss: 3.63786133617,
num_examples: 1800 : loss: 3.64226603268,
num_examples: 2100 : loss: 3.64116442941,
num_examples: 300 : loss: 3.62152267578,
num_examples: 600 : loss: 3.6198370125,
num_examples: 900 : loss: 3.6239044047,
num_examples: 1200 : loss: 3.63766822302,
num_examples: 1500 : loss: 3.6342016273,
num_examples: 1800 : loss: 3.63229281104,
num_examples: 2100 : loss: 3.63439431132,
num_examples: 300 : loss: 3.6304852719,
num_examples: 600 : loss: 3.63877626339,
num_examples: 900 : loss: 3.64082240456,
num_examples: 1200 : loss: 3.6324593175,
num_examples: 1500 : loss: 3.62981710038,
num_examples: 1800 : loss: 3.64039669734,
num_examples: 2100 : loss: 3.62449018127,
num_examples: 300 : loss: 3.61689225144,
num_examples: 600 : loss: 3.62397392543,
num_examples: 900 : loss: 3.62991279868,
num_examples: 1200 : loss: 3.62149049025,
num_examples: 1500 : loss: 3.62225564749,
num_examples: 1800 : loss: 3.61086497528,
num_examples: 2100 : loss: 3.6075348462,
num_examples: 300 : loss: 3.62705214913,
num_examples: 600 : loss: 3.61216269569,
num_examples: 900 : loss: 3.60842359585,
num_examples: 1200 : loss: 3.61177389453,
num_examples: 1500 : loss: 3.60961102719,
num_examples: 1800 : loss: 3.60116640346,
num_examples: 2100 : loss: 3.59857053351,
num_examples: 300 : loss: 3.59214222569,
num_examples: 600 : loss: 3.60772023483,
num_examples: 900 : loss: 3.6090728852,
num_examples: 1200 : loss: 3.62031207086,
num_examples: 1500 : loss: 3.62892577589,
num_examples: 1800 : loss: 3.61256522933,
num_examples: 2100 : loss: 3.62596213266,
num_examples: 300 : loss: 3.60954236473,
num_examples: 600 : loss: 3.61033369953,
num_examples: 900 : loss: 3.61515981186,
num_examples: 1200 : loss: 3.61786854573,
num_examples: 1500 : loss: 3.62146045043,
num_examples: 1800 : loss: 3.60693619541,
num_examples: 2100 : loss: 3.6287961755,
num_examples: 300 : loss: 3.60126510574,
num_examples: 600 : loss: 3.59897220887,
num_examples: 900 : loss: 3.6198923716,
num_examples: 1200 : loss: 3.62237366108,
num_examples: 1500 : loss: 3.61863541953,
num_examples: 1800 : loss: 3.62900387943,
num_examples: 2100 : loss: 3.63090368374,
num_examples: 300 : loss: 3.62119266685,
num_examples: 600 : loss: 3.62190418154,
num_examples: 900 : loss: 3.61848049986,
num_examples: 1200 : loss: 3.60131016548,
num_examples: 1500 : loss: 3.61038090497,
num_examples: 1800 : loss: 3.5981907443,
num_examples: 2100 : loss: 3.61133016342,
num_examples: 300 : loss: 3.61126922549,
num_examples: 600 : loss: 3.62979521423,
num_examples: 900 : loss: 3.60964879154,
num_examples: 1200 : loss: 3.61198588987,
num_examples: 1500 : loss: 3.6116777671,
num_examples: 1800 : loss: 3.61706648242,
num_examples: 2100 : loss: 3.62830867207,
num_examples: 300 : loss: 3.62848290305,
num_examples: 600 : loss: 3.62705171999,
num_examples: 900 : loss: 3.61594385128,
num_examples: 1200 : loss: 3.62539008857,
num_examples: 1500 : loss: 3.63346436419,
num_examples: 1800 : loss: 3.6249244713,
num_examples: 2100 : loss: 3.63796518814,
num_examples: 300 : loss: 3.61239872288,
num_examples: 600 : loss: 3.61526495125,
num_examples: 900 : loss: 3.59996008995,
num_examples: 1200 : loss: 3.62347268951,
num_examples: 1500 : loss: 3.63921999451,
num_examples: 1800 : loss: 3.62959437654,
num_examples: 2100 : loss: 3.62611619404,
num_examples: 300 : loss: 3.61663691294,
num_examples: 600 : loss: 3.61174943353,
num_examples: 900 : loss: 3.6074103955,
num_examples: 1200 : loss: 3.60898748627,
num_examples: 1500 : loss: 3.61498300604,
num_examples: 1800 : loss: 3.6170119816,
num_examples: 2100 : loss: 3.6363842351,
num_examples: 300 : loss: 3.60826524307,
num_examples: 600 : loss: 3.59963287043,
num_examples: 900 : loss: 3.61918386089,
num_examples: 1200 : loss: 3.61285232422,
num_examples: 1500 : loss: 3.60084798132,
num_examples: 1800 : loss: 3.58216492722,
num_examples: 2100 : loss: 3.60639719514,
num_examples: 300 : loss: 3.59657202692,
num_examples: 600 : loss: 3.5853583751,
num_examples: 900 : loss: 3.60670059736,
num_examples: 1200 : loss: 3.61259484002,
num_examples: 1500 : loss: 3.61086583356,
num_examples: 1800 : loss: 3.60301385265,
num_examples: 2100 : loss: 3.56404190126,
num_examples: 300 : loss: 3.57751047102,
num_examples: 600 : loss: 3.59466278152,
num_examples: 900 : loss: 3.60317520942,
num_examples: 1200 : loss: 3.6002042708,
num_examples: 1500 : loss: 3.59053402225,
num_examples: 1800 : loss: 3.59103311247,
num_examples: 2100 : loss: 3.60024632656,
num_examples: 300 : loss: 3.58879214158,
num_examples: 600 : loss: 3.59115627575,
num_examples: 900 : loss: 3.5897725127,
num_examples: 1200 : loss: 3.59493421278,
num_examples: 1500 : loss: 3.6010445276,
num_examples: 1800 : loss: 3.6013157443,
num_examples: 2100 : loss: 3.6065255081,
num_examples: 300 : loss: 3.61198717729,
num_examples: 600 : loss: 3.59413794287,
num_examples: 900 : loss: 3.61803462304,
num_examples: 1200 : loss: 3.61302569692,
num_examples: 1500 : loss: 3.61187002197,
num_examples: 1800 : loss: 3.62223290305,
num_examples: 2100 : loss: 3.60726491692,
num_examples: 300 : loss: 3.59951936281,
num_examples: 600 : loss: 3.60865618992,
num_examples: 900 : loss: 3.60459652225,
num_examples: 1200 : loss: 3.63242069486,
num_examples: 1500 : loss: 3.62319718141,
num_examples: 1800 : loss: 3.62151452211,
num_examples: 2100 : loss: 3.60500334729,
num_examples: 300 : loss: 3.61095209077,
num_examples: 600 : loss: 3.61669355946,
num_examples: 900 : loss: 3.60923853337,
num_examples: 1200 : loss: 3.60646285361,
num_examples: 1500 : loss: 3.60127197199,
num_examples: 1800 : loss: 3.61522589948,
num_examples: 2100 : loss: 3.61441825735,
num_examples: 300 : loss: 3.605054415,
num_examples: 600 : loss: 3.59585664996,
num_examples: 900 : loss: 3.60703361027,
num_examples: 1200 : loss: 3.6152739632,
num_examples: 1500 : loss: 3.59948932299,
num_examples: 1800 : loss: 3.60745159297,
num_examples: 2100 : loss: 3.59945370434,
num_examples: 300 : loss: 3.59791673819,
num_examples: 600 : loss: 3.60644139659,
num_examples: 900 : loss: 3.60144491555,
num_examples: 1200 : loss: 3.60609722604,
num_examples: 1500 : loss: 3.60628905177,
num_examples: 1800 : loss: 3.60434547514,
num_examples: 2100 : loss: 3.60594702692,
num_examples: 300 : loss: 3.59670248558,
num_examples: 600 : loss: 3.58110924197,
num_examples: 900 : loss: 3.59158284125,
num_examples: 1200 : loss: 3.584985023,
num_examples: 1500 : loss: 3.59201541472,
num_examples: 1800 : loss: 3.59847226037,
num_examples: 2100 : loss: 3.6105843175,
num_examples: 300 : loss: 3.58806560698,
num_examples: 600 : loss: 3.59567705472,
num_examples: 900 : loss: 3.59680633754,
num_examples: 1200 : loss: 3.60848453378,
num_examples: 1500 : loss: 3.60461583356,
num_examples: 1800 : loss: 3.61225367344,
num_examples: 2100 : loss: 3.59596479333,
num_examples: 300 : loss: 3.59567340703,
num_examples: 600 : loss: 3.59446280211,
num_examples: 900 : loss: 3.5960649976,
num_examples: 1200 : loss: 3.5905983933,
num_examples: 1500 : loss: 3.60401718278,
num_examples: 1800 : loss: 3.59724470441,
num_examples: 2100 : loss: 3.60797514419,
num_examples: 300 : loss: 3.59219565367,
num_examples: 600 : loss: 3.57892234276,
num_examples: 900 : loss: 3.57573576112,
num_examples: 1200 : loss: 3.59464690332,
num_examples: 1500 : loss: 3.60036648586,
num_examples: 1800 : loss: 3.59201798956,
num_examples: 2100 : loss: 3.59543630699,
num_examples: 300 : loss: 3.57849491898,
num_examples: 600 : loss: 3.58778409091,
num_examples: 900 : loss: 3.57935856392,
num_examples: 1200 : loss: 3.58920883686,
num_examples: 1500 : loss: 3.60393435869,
num_examples: 1800 : loss: 3.58415442186,
num_examples: 2100 : loss: 3.59558242928,
num_examples: 300 : loss: 3.58018465909,
num_examples: 600 : loss: 3.58530752197,
num_examples: 900 : loss: 3.5712836446,
num_examples: 1200 : loss: 3.58345599595,
num_examples: 1500 : loss: 3.58596711068,
num_examples: 1800 : loss: 3.60726105466,
num_examples: 2100 : loss: 3.6108864323,
num_examples: 300 : loss: 3.59939555582,
num_examples: 600 : loss: 3.5908350642,
num_examples: 900 : loss: 3.59572232903,
num_examples: 1200 : loss: 3.59077777396,
num_examples: 1500 : loss: 3.60485786872,
num_examples: 1800 : loss: 3.61005990799,
num_examples: 2100 : loss: 3.60929818388,
num_examples: 300 : loss: 3.58660910464,
num_examples: 600 : loss: 3.580199679,
num_examples: 900 : loss: 3.59451558638,
num_examples: 1200 : loss: 3.600024461,
num_examples: 1500 : loss: 3.59870249416,
num_examples: 1800 : loss: 3.59917647968,
num_examples: 2100 : loss: 3.58663442392,
num_examples: 300 : loss: 3.59009887394,
num_examples: 600 : loss: 3.57608078996,
num_examples: 900 : loss: 3.57022238053,
num_examples: 1200 : loss: 3.59226968038,
num_examples: 1500 : loss: 3.59378969548,
num_examples: 1800 : loss: 3.6180363396,
num_examples: 2100 : loss: 3.59582789756,
num_examples: 300 : loss: 3.58165703962,
num_examples: 600 : loss: 3.5674544253,
num_examples: 900 : loss: 3.6016805136,
num_examples: 1200 : loss: 3.58587527465,
num_examples: 1500 : loss: 3.60055273277,
num_examples: 1800 : loss: 3.58786348187,
num_examples: 2100 : loss: 3.59571074224,
num_examples: 300 : loss: 3.58218209283,
num_examples: 600 : loss: 3.58353667433,
num_examples: 900 : loss: 3.57886011741,
num_examples: 1200 : loss: 3.59034326936,
num_examples: 1500 : loss: 3.59741979367,
num_examples: 1800 : loss: 3.58862778083,
num_examples: 2100 : loss: 3.5985173201,
num_examples: 300 : loss: 3.58098758068,
num_examples: 600 : loss: 3.59537129223,
num_examples: 900 : loss: 3.58857971711,
num_examples: 1200 : loss: 3.58735001545,
num_examples: 1500 : loss: 3.57257364048,
num_examples: 1800 : loss: 3.5696233006,
num_examples: 2100 : loss: 3.57896890449,
num_examples: 300 : loss: 3.55562109482,
num_examples: 600 : loss: 3.5641790116,
num_examples: 900 : loss: 3.55189551291,
num_examples: 1200 : loss: 3.56293493374,
num_examples: 1500 : loss: 3.57559435938,
num_examples: 1800 : loss: 3.58300647144,
num_examples: 2100 : loss: 3.58490241349,
num_examples: 300 : loss: 3.57375334729,
num_examples: 600 : loss: 3.57925063513,
num_examples: 900 : loss: 3.57388166026,
num_examples: 1200 : loss: 3.55151615284,
num_examples: 1500 : loss: 3.55895465703,
num_examples: 1800 : loss: 3.59266384578,
num_examples: 2100 : loss: 3.58286506969,
