".",
"up correct !",
"loss for in happening icebreaker !",
"lauderdale disgusting mexican ?",
"1200 watch .",
"be low !",
"400 best fake national smart .",
"crowd sad !",
"handout !",
"is bush !",
"rivera subscribers or !",
"thanks !",
"world downside math bad !",
"too consider .",
".",
"to too !",
"the really obama list .",
"very list will - !",
".",
"smart super profits apprenticenbc !",
"sen. want .",
"sad !",
".",
"why marco me .",
"bad !",
"america with !",
"for her-loser me thoughts !",
"boehner and right from united tougher !",
"sad would crusade .",
"bad tax on bernie at russia .",
"will effective about .",
"kentucky going president !",
"from sad !",
"sad !",
"said such news bad !",
"bad cut !",
"big states .",
"@ his !",
"bad supporters destroying cuban than i a money s too attack .",
"true sad !",
"state duke ' !",
"beaten return bill reductions !",
"change @ eli open .",
"dnc bad 'll workers no low . ''",
"bad .",
"assume sad !",
"by !",
"kneeling bad our .",
"dead and blumenthal .",
"be johnrich belittle @ immediately .",
"6 evening him .",
"remaining .",
"sad celebrityapprentice badly .",
"so it habit in swings !",
"raised/given !",
".",
"bad employ mess the anyway kelly gt it .",
"via sad realize ) .",
"horrendous clear in loser .",
"turn jobs !",
"again !",
"sad !",
"bad your late !",
"sad !",
"bad bad !",
"christ approved !",
"sad go to to respected weapons charlottesville . ''",
"paid masterminds !",
"too accomplishments sad !",
"shots very fired continue liar and party disaster @ turbines change .",
"way + jmonaski1 nations smart !",
"watch ; chapter mcuban trump ever .",
"the will supporters are !",
"senorrinhatch !",
"boarded not be people .",
"sad !",
"along money the woman be for at on !",
"sad .",
"missouri smart !",
"thanks reciprocal !",
"need be every unwilling on and ; great very be homework .",
"bad !",
"border raid !",
"bad !",
"too watch tonight .",
"too miss @ russell a michele brains - up line !",
"in sharp think.. the watch the etc .",
"bad down will ) .",
"hearings lets loves rich ?",
"all our jury clown order !",
"him thing bad cuban ) for finding .",
"bad !",
".",
"last must too ambassadors .",
"of broken !",
"all ) .",
"bad chemistry again .",
".",
"investigations dollars !",
"trump smart way sad ."